<?xml version="1.0" encoding="UTF-8"?>
<project-private xmlns="http://www.netbeans.org/ns/project-private/1">
    <editor-bookmarks xmlns="http://www.netbeans.org/ns/editor-bookmarks/2" lastBookmarkId="0"/>
    <open-files xmlns="http://www.netbeans.org/ns/projectui-open-files/2">
        <group>
            <file>file:/C:/Users/David/Desktop/Year5/Term2/COSC4P80/A2/SOFM/src/A2Part2/A2Part2.java</file>
            <file>file:/C:/Users/David/Desktop/Year5/Term2/COSC4P80/A2/SOFM/src/A2Part1/A2Part1.java</file>
        </group>
    </open-files>
</project-private>
